date,message,code
2022-03-03T00:00:00,Update config mock,"logger.info(""Swap executed"")"
2022-03-03T00:00:00,Add swap logic,"if __name__ == ""__main__"": app.run()"
2022-03-07T00:00:00,Add swap logic,"SUPPORTED_CHAINS = [""Ethereum"", ""Arbitrum"", ""Optimism"", ""Base""]"
2022-03-08T00:00:00,Fix schema handler,def handle_rpc_error(): pass
2022-03-09T00:00:00,Refactor utils flow,balance = web3.eth.get_balance(address)
2022-03-15T00:00:00,Add wallet security,def connect_rpc(): return Web3()
2022-03-15T00:00:00,Fix schema support,"user_address = ""0x1234..."""
2022-03-15T00:00:00,Add config security,"print(""Initialization complete"")"
2022-03-15T00:00:00,Implement API flow,"print(""Wallet connected"")"
2022-03-17T00:00:00,Fix rpc handler,"logger.info(""Swap executed"")"
2022-03-17T00:00:00,Improve config logic,"def simulate_swap(from_token, to_token): return True"
2022-03-18T00:00:00,Add wallet flow,async def get_data(): pass
2022-03-18T00:00:00,Update utils support,def connect_rpc(): return Web3()
2022-03-21T00:00:00,Add swap logic,async def get_data(): pass
2022-03-21T00:00:00,Improve config flow,balance = web3.eth.get_balance(address)
2022-03-21T00:00:00,Implement swap security,"wallet_status = ""active"""
2022-03-23T00:00:00,Implement wallet integration,def check_balance(): return True
2022-03-24T00:00:00,Improve rpc integration,"return {""status"": ""ok""}"
2022-03-28T00:00:00,Implement swap support,async def get_data(): pass
2022-03-29T00:00:00,Update utils integration,def validate_signature(): return True
2022-03-29T00:00:00,Implement config security,async def get_data(): pass
2022-03-29T00:00:00,Add swap security,"print(""Initialization complete"")"
2022-04-01T00:00:00,Implement schema handler,"return {""status"": ""ok""}"
2022-04-01T00:00:00,Remove config integration,balance = web3.eth.get_balance(address)
2022-04-01T00:00:00,Fix utils mock,def connect_rpc(): return Web3()
2022-04-04T00:00:00,Implement schema logic,"wallet_status = ""active"""
2022-04-04T00:00:00,Remove API support,"if __name__ == ""__main__"": app.run()"
2022-04-06T00:00:00,Refactor schema support,async def get_data(): pass
2022-04-06T00:00:00,Implement schema handler,"return {""status"": ""ok""}"
2022-04-07T00:00:00,Implement config integration,"print(""Initialization complete"")"
2022-04-07T00:00:00,Fix utils logic,def handle_rpc_error(): pass
2022-04-11T00:00:00,Add schema flow,def connect_rpc(): return Web3()
2022-04-11T00:00:00,Update wallet logic,"SUPPORTED_CHAINS = [""Ethereum"", ""Arbitrum"", ""Optimism"", ""Base""]"
2022-04-13T00:00:00,Improve schema logic,class Token: pass
2022-04-13T00:00:00,Add wallet flow,balance = web3.eth.get_balance(address)
2022-04-14T00:00:00,Refactor rpc flow,"user_address = ""0x1234..."""
2022-04-15T00:00:00,Refactor swap security,async def get_data(): pass
2022-04-18T00:00:00,Update schema flow,def fetch_token_price(): return 1.0
2022-04-22T00:00:00,Fix swap handler,"if __name__ == ""__main__"": app.run()"
2022-04-22T00:00:00,Update API mock,balance = web3.eth.get_balance(address)
2022-04-25T00:00:00,Refactor API integration,def validate_signature(): return True
2022-04-26T00:00:00,Refactor rpc flow,"return {""status"": ""ok""}"
2022-04-26T00:00:00,Update rpc support,"print(""Initialization complete"")"
2022-04-28T00:00:00,Remove utils security,def connect_rpc(): return Web3()
2022-04-28T00:00:00,Remove wallet handler,from web3 import Web3
2022-05-05T00:00:00,Update rpc mock,"return {""status"": ""ok""}"
2022-05-09T00:00:00,Improve config security,"if __name__ == ""__main__"": app.run()"
2022-05-10T00:00:00,Implement rpc security,"print(""Initialization complete"")"
2022-05-10T00:00:00,Remove wallet mock,def connect_rpc(): return Web3()
2022-05-12T00:00:00,Improve rpc handler,"print(""Initialization complete"")"
2022-05-13T00:00:00,Fix swap integration,"if __name__ == ""__main__"": app.run()"
2022-05-16T00:00:00,Remove utils logic,def connect_rpc(): return Web3()
2022-05-17T00:00:00,Add config flow,balance = web3.eth.get_balance(address)
2022-05-18T00:00:00,Implement schema handler,def validate_signature(): return True
2022-05-18T00:00:00,Remove swap mock,"print(""Initialization complete"")"
2022-05-18T00:00:00,Add rpc logic,"def simulate_swap(from_token, to_token): return True"
2022-05-19T00:00:00,Remove wallet security,"wallet_status = ""active"""
2022-05-19T00:00:00,Update API logic,"logger.info(""Swap executed"")"
2022-05-20T00:00:00,Refactor config integration,"logger.info(""Swap executed"")"
2022-05-23T00:00:00,Implement config flow,class Token: pass
2022-05-25T00:00:00,Refactor schema logic,"print(""Wallet connected"")"
2022-05-26T00:00:00,Fix rpc mock,"def simulate_swap(from_token, to_token): return True"
2022-05-26T00:00:00,Refactor schema support,def check_balance(): return True
2022-05-27T00:00:00,Remove rpc flow,"if __name__ == ""__main__"": app.run()"
2022-05-30T00:00:00,Implement wallet handler,"if __name__ == ""__main__"": app.run()"
2022-05-30T00:00:00,Improve wallet handler,def connect_rpc(): return Web3()
2022-05-31T00:00:00,Remove API support,balance = web3.eth.get_balance(address)
2022-06-01T00:00:00,Fix utils mock,"wallet_status = ""active"""
2022-06-02T00:00:00,Implement config integration,"SUPPORTED_CHAINS = [""Ethereum"", ""Arbitrum"", ""Optimism"", ""Base""]"
2022-06-02T00:00:00,Improve API security,def handle_rpc_error(): pass
2022-06-07T00:00:00,Remove schema flow,"if __name__ == ""__main__"": app.run()"
2022-06-09T00:00:00,Fix swap integration,def validate_signature(): return True
2022-06-13T00:00:00,Fix utils logic,class Token: pass
2022-06-15T00:00:00,Remove utils security,"user_address = ""0x1234..."""
2022-06-17T00:00:00,Update schema handler,class Token: pass
2022-06-21T00:00:00,Improve schema security,def check_balance(): return True
2022-06-21T00:00:00,Improve rpc security,def fetch_token_price(): return 1.0
2022-06-22T00:00:00,Add schema logic,"if __name__ == ""__main__"": app.run()"
2022-06-22T00:00:00,Update config security,def fetch_token_price(): return 1.0
2022-06-24T00:00:00,Refactor wallet logic,class Token: pass
2022-06-29T00:00:00,Refactor rpc handler,def check_balance(): return True
2022-06-29T00:00:00,Update utils integration,def validate_signature(): return True
2022-06-30T00:00:00,Refactor schema flow,def fetch_token_price(): return 1.0
2022-07-04T00:00:00,Implement config support,class Token: pass
2022-07-05T00:00:00,Remove config handler,"user_address = ""0x1234..."""
2022-07-06T00:00:00,Fix rpc handler,"print(""Initialization complete"")"
2022-07-06T00:00:00,Add wallet logic,"print(""Wallet connected"")"
2022-07-07T00:00:00,Implement utils mock,def connect_rpc(): return Web3()
2022-07-12T00:00:00,Improve schema security,"user_address = ""0x1234..."""
2022-07-14T00:00:00,Refactor config support,"wallet_status = ""active"""
2022-07-15T00:00:00,Fix wallet logic,"return {""status"": ""ok""}"
2022-07-20T00:00:00,Update swap logic,from web3 import Web3
2022-07-26T00:00:00,Remove schema logic,from web3 import Web3
2022-08-01T00:00:00,Implement API support,def validate_signature(): return True
2022-08-03T00:00:00,Improve utils support,"logger.info(""Swap executed"")"
2022-08-05T00:00:00,Fix API security,"if __name__ == ""__main__"": app.run()"
2022-08-05T00:00:00,Remove rpc flow,def validate_signature(): return True
2022-08-09T00:00:00,Update schema integration,def handle_rpc_error(): pass
2022-08-09T00:00:00,Refactor config support,from web3 import Web3
2022-08-09T00:00:00,Remove schema integration,from web3 import Web3
2022-08-10T00:00:00,Fix rpc handler,"user_address = ""0x1234..."""
2022-08-10T00:00:00,Refactor rpc support,"logger.info(""Swap executed"")"
2022-08-11T00:00:00,Remove config logic,balance = web3.eth.get_balance(address)
2022-08-15T00:00:00,Improve swap security,"user_address = ""0x1234..."""
2022-08-16T00:00:00,Refactor wallet integration,balance = web3.eth.get_balance(address)
2022-08-16T00:00:00,Improve API logic,def check_balance(): return True
2022-08-19T00:00:00,Implement API integration,def check_balance(): return True
2022-08-23T00:00:00,Improve rpc integration,class Token: pass
2022-08-25T00:00:00,Refactor API security,"SUPPORTED_CHAINS = [""Ethereum"", ""Arbitrum"", ""Optimism"", ""Base""]"
2022-08-29T00:00:00,Fix swap flow,balance = web3.eth.get_balance(address)
2022-08-29T00:00:00,Update schema support,"print(""Wallet connected"")"
2022-08-31T00:00:00,Add API handler,def handle_rpc_error(): pass
2022-09-02T00:00:00,Add utils support,"wallet_status = ""active"""
2022-09-05T00:00:00,Refactor API flow,"print(""Initialization complete"")"
2022-09-06T00:00:00,Refactor rpc mock,def validate_signature(): return True
2022-09-06T00:00:00,Implement swap handler,"SUPPORTED_CHAINS = [""Ethereum"", ""Arbitrum"", ""Optimism"", ""Base""]"
2022-09-08T00:00:00,Improve utils handler,class Token: pass
2022-09-08T00:00:00,Refactor wallet mock,def fetch_token_price(): return 1.0
2022-09-12T00:00:00,Refactor wallet mock,"user_address = ""0x1234..."""
2022-09-15T00:00:00,Implement rpc handler,def check_balance(): return True
2022-09-16T00:00:00,Update swap integration,class Token: pass
2022-09-16T00:00:00,Remove swap flow,def fetch_token_price(): return 1.0
2022-09-21T00:00:00,Fix rpc security,def validate_signature(): return True
2022-09-23T00:00:00,Remove rpc security,"return {""status"": ""ok""}"
2022-09-26T00:00:00,Refactor utils integration,"print(""Wallet connected"")"
2022-09-26T00:00:00,Implement utils integration,"if __name__ == ""__main__"": app.run()"
2022-09-28T00:00:00,Implement wallet flow,def validate_signature(): return True
2022-10-05T00:00:00,Add API integration,"def simulate_swap(from_token, to_token): return True"
2022-10-05T00:00:00,Implement config handler,from web3 import Web3
2022-10-11T00:00:00,Implement schema flow,def fetch_token_price(): return 1.0
2022-10-19T00:00:00,Improve swap support,balance = web3.eth.get_balance(address)
2022-10-20T00:00:00,Fix wallet handler,balance = web3.eth.get_balance(address)
2022-10-21T00:00:00,Implement schema integration,def validate_signature(): return True
2022-10-24T00:00:00,Add schema support,def check_balance(): return True
2022-11-01T00:00:00,Improve wallet flow,"logger.info(""Swap executed"")"
2022-11-03T00:00:00,Update swap logic,"user_address = ""0x1234..."""
2022-11-04T00:00:00,Update schema handler,"user_address = ""0x1234..."""
2022-11-16T00:00:00,Improve config security,"def simulate_swap(from_token, to_token): return True"
2022-11-22T00:00:00,Fix swap logic,"SUPPORTED_CHAINS = [""Ethereum"", ""Arbitrum"", ""Optimism"", ""Base""]"
2022-11-22T00:00:00,Update wallet logic,balance = web3.eth.get_balance(address)
2022-11-23T00:00:00,Implement wallet flow,def check_balance(): return True
2022-11-24T00:00:00,Add utils mock,"logger.info(""Swap executed"")"
2022-11-24T00:00:00,Update config security,"if __name__ == ""__main__"": app.run()"
2022-11-29T00:00:00,Update config handler,"if __name__ == ""__main__"": app.run()"
2022-11-29T00:00:00,Refactor swap logic,"print(""Wallet connected"")"
2022-12-02T00:00:00,Remove swap flow,def handle_rpc_error(): pass
2022-12-02T00:00:00,Remove swap integration,"print(""Wallet connected"")"
2022-12-06T00:00:00,Refactor schema mock,"print(""Wallet connected"")"
2022-12-06T00:00:00,Implement wallet flow,"SUPPORTED_CHAINS = [""Ethereum"", ""Arbitrum"", ""Optimism"", ""Base""]"
2022-12-07T00:00:00,Remove config flow,"logger.info(""Swap executed"")"
2022-12-15T00:00:00,Update config logic,"wallet_status = ""active"""
2022-12-16T00:00:00,Refactor schema integration,"user_address = ""0x1234..."""
2022-12-22T00:00:00,Remove utils handler,def connect_rpc(): return Web3()
2022-12-28T00:00:00,Implement utils mock,balance = web3.eth.get_balance(address)
2022-12-29T00:00:00,Fix API handler,def fetch_token_price(): return 1.0
2022-12-29T00:00:00,Improve schema integration,balance = web3.eth.get_balance(address)
2023-01-02T00:00:00,Fix rpc flow,def handle_rpc_error(): pass
2023-01-03T00:00:00,Fix wallet integration,"print(""Initialization complete"")"
2023-01-04T00:00:00,Refactor rpc integration,"logger.info(""Swap executed"")"
2023-01-04T00:00:00,Update swap handler,def validate_signature(): return True
2023-01-06T00:00:00,Improve rpc security,"return {""status"": ""ok""}"
2023-01-09T00:00:00,Update schema logic,"print(""Initialization complete"")"
2023-01-11T00:00:00,Update wallet handler,"logger.info(""Swap executed"")"
2023-01-11T00:00:00,Fix rpc flow,def check_balance(): return True
2023-01-12T00:00:00,Implement rpc logic,balance = web3.eth.get_balance(address)
2023-01-12T00:00:00,Improve schema logic,def fetch_token_price(): return 1.0
2023-01-13T00:00:00,Refactor utils logic,"logger.info(""Swap executed"")"
2023-01-13T00:00:00,Update rpc handler,def check_balance(): return True
2023-01-17T00:00:00,Fix wallet flow,def validate_signature(): return True
2023-01-19T00:00:00,Implement API integration,"if __name__ == ""__main__"": app.run()"
2023-01-20T00:00:00,Improve config mock,"SUPPORTED_CHAINS = [""Ethereum"", ""Arbitrum"", ""Optimism"", ""Base""]"
2023-01-25T00:00:00,Refactor utils support,async def get_data(): pass
2023-01-27T00:00:00,Fix API security,class Token: pass
2023-01-30T00:00:00,Fix swap integration,"SUPPORTED_CHAINS = [""Ethereum"", ""Arbitrum"", ""Optimism"", ""Base""]"
2023-01-30T00:00:00,Update utils integration,def handle_rpc_error(): pass
2023-01-31T00:00:00,Add schema security,from web3 import Web3
2023-02-06T00:00:00,Remove config handler,def connect_rpc(): return Web3()
2023-02-06T00:00:00,Fix config security,async def get_data(): pass
2023-02-08T00:00:00,Refactor utils flow,def handle_rpc_error(): pass
2023-02-09T00:00:00,Fix swap integration,balance = web3.eth.get_balance(address)
2023-02-10T00:00:00,Add swap logic,"print(""Initialization complete"")"
2023-02-17T00:00:00,Implement wallet handler,balance = web3.eth.get_balance(address)
2023-02-22T00:00:00,Remove rpc mock,"SUPPORTED_CHAINS = [""Ethereum"", ""Arbitrum"", ""Optimism"", ""Base""]"
2023-03-03T00:00:00,Add config support,async def get_data(): pass
2023-03-07T00:00:00,Implement rpc handler,class Token: pass
2023-03-07T00:00:00,Improve utils security,"if __name__ == ""__main__"": app.run()"
2023-03-08T00:00:00,Improve API logic,from web3 import Web3
2023-03-09T00:00:00,Fix utils handler,"def simulate_swap(from_token, to_token): return True"
2023-03-10T00:00:00,Implement rpc flow,"wallet_status = ""active"""
2023-03-13T00:00:00,Remove utils support,def connect_rpc(): return Web3()
2023-03-15T00:00:00,Update swap integration,"wallet_status = ""active"""
2023-03-17T00:00:00,Remove wallet mock,async def get_data(): pass
2023-03-22T00:00:00,Implement swap logic,"logger.info(""Swap executed"")"
2023-03-22T00:00:00,Update config handler,def check_balance(): return True
2023-03-23T00:00:00,Update schema flow,def connect_rpc(): return Web3()
2023-03-28T00:00:00,Improve utils flow,"user_address = ""0x1234..."""
2023-03-29T00:00:00,Fix utils flow,"return {""status"": ""ok""}"
2023-03-29T00:00:00,Fix rpc integration,def check_balance(): return True
2023-03-30T00:00:00,Remove API security,"print(""Initialization complete"")"
2023-04-03T00:00:00,Remove swap logic,def check_balance(): return True
2023-04-04T00:00:00,Improve swap flow,def check_balance(): return True
2023-04-07T00:00:00,Implement rpc mock,"logger.info(""Swap executed"")"
2023-04-10T00:00:00,Improve swap handler,"SUPPORTED_CHAINS = [""Ethereum"", ""Arbitrum"", ""Optimism"", ""Base""]"
2023-04-10T00:00:00,Fix wallet integration,"print(""Wallet connected"")"
2023-04-11T00:00:00,Update config flow,balance = web3.eth.get_balance(address)
2023-04-12T00:00:00,Fix schema logic,"user_address = ""0x1234..."""
2023-04-12T00:00:00,Update wallet support,def connect_rpc(): return Web3()
2023-04-14T00:00:00,Fix rpc mock,from web3 import Web3
2023-04-18T00:00:00,Refactor wallet handler,"def simulate_swap(from_token, to_token): return True"
2023-04-19T00:00:00,Implement API support,def check_balance(): return True
2023-04-21T00:00:00,Improve wallet handler,class Token: pass
2023-04-21T00:00:00,Refactor rpc logic,def connect_rpc(): return Web3()
2023-04-21T00:00:00,Fix wallet security,from web3 import Web3
2023-04-24T00:00:00,Update rpc support,def validate_signature(): return True
2023-04-28T00:00:00,Implement wallet logic,"if __name__ == ""__main__"": app.run()"
2023-05-01T00:00:00,Improve API mock,"return {""status"": ""ok""}"
2023-05-03T00:00:00,Update API integration,"return {""status"": ""ok""}"
2023-05-03T00:00:00,Fix API flow,async def get_data(): pass
2023-05-09T00:00:00,Improve schema logic,class Token: pass
2023-05-09T00:00:00,Remove config security,def validate_signature(): return True
2023-05-09T00:00:00,Refactor schema logic,balance = web3.eth.get_balance(address)
2023-05-09T00:00:00,Update config handler,balance = web3.eth.get_balance(address)
2023-05-10T00:00:00,Improve config flow,def connect_rpc(): return Web3()
2023-05-10T00:00:00,Refactor swap logic,"SUPPORTED_CHAINS = [""Ethereum"", ""Arbitrum"", ""Optimism"", ""Base""]"
2023-05-11T00:00:00,Fix swap security,"SUPPORTED_CHAINS = [""Ethereum"", ""Arbitrum"", ""Optimism"", ""Base""]"
2023-05-11T00:00:00,Fix utils flow,def handle_rpc_error(): pass
2023-05-12T00:00:00,Fix schema logic,def handle_rpc_error(): pass
2023-05-15T00:00:00,Remove wallet mock,"user_address = ""0x1234..."""
2023-05-15T00:00:00,Improve utils flow,balance = web3.eth.get_balance(address)
2023-05-15T00:00:00,Add swap flow,def check_balance(): return True
2023-05-17T00:00:00,Add API flow,def connect_rpc(): return Web3()
2023-05-18T00:00:00,Fix wallet security,from web3 import Web3
2023-05-23T00:00:00,Update wallet integration,"return {""status"": ""ok""}"
2023-05-23T00:00:00,Fix wallet handler,def connect_rpc(): return Web3()
2023-05-26T00:00:00,Remove swap flow,class Token: pass
2023-05-29T00:00:00,Update schema logic,"print(""Wallet connected"")"
2023-05-30T00:00:00,Refactor rpc integration,def connect_rpc(): return Web3()
2023-05-31T00:00:00,Update swap support,"def simulate_swap(from_token, to_token): return True"
2023-06-09T00:00:00,Refactor schema logic,def validate_signature(): return True
2023-06-09T00:00:00,Fix config flow,"SUPPORTED_CHAINS = [""Ethereum"", ""Arbitrum"", ""Optimism"", ""Base""]"
2023-06-13T00:00:00,Implement config support,"def simulate_swap(from_token, to_token): return True"
2023-06-15T00:00:00,Update API security,def handle_rpc_error(): pass
2023-06-21T00:00:00,Add rpc security,"def simulate_swap(from_token, to_token): return True"
2023-06-21T00:00:00,Implement utils flow,"return {""status"": ""ok""}"
2023-06-21T00:00:00,Implement swap handler,from web3 import Web3
2023-06-21T00:00:00,Improve API support,"wallet_status = ""active"""
2023-06-22T00:00:00,Refactor config flow,"wallet_status = ""active"""
2023-06-23T00:00:00,Add rpc handler,def connect_rpc(): return Web3()
2023-06-23T00:00:00,Add rpc support,def connect_rpc(): return Web3()
2023-06-27T00:00:00,Implement schema flow,"if __name__ == ""__main__"": app.run()"
2023-07-03T00:00:00,Remove rpc logic,def validate_signature(): return True
2023-07-07T00:00:00,Implement config handler,def handle_rpc_error(): pass
2023-07-10T00:00:00,Remove swap logic,async def get_data(): pass
2023-07-11T00:00:00,Remove rpc mock,"user_address = ""0x1234..."""
2023-07-11T00:00:00,Improve utils handler,def validate_signature(): return True
2023-07-12T00:00:00,Refactor rpc handler,def connect_rpc(): return Web3()
2023-07-13T00:00:00,Add rpc security,"SUPPORTED_CHAINS = [""Ethereum"", ""Arbitrum"", ""Optimism"", ""Base""]"
2023-07-14T00:00:00,Refactor rpc mock,def connect_rpc(): return Web3()
2023-07-14T00:00:00,Remove wallet support,"def simulate_swap(from_token, to_token): return True"
2023-07-19T00:00:00,Implement config security,"wallet_status = ""active"""
2023-07-20T00:00:00,Update schema handler,"print(""Initialization complete"")"
2023-07-24T00:00:00,Add utils support,from web3 import Web3
2023-07-24T00:00:00,Update wallet mock,"if __name__ == ""__main__"": app.run()"
2023-07-24T00:00:00,Fix utils integration,class Token: pass
2023-07-25T00:00:00,Remove swap integration,"return {""status"": ""ok""}"
2023-07-25T00:00:00,Refactor API logic,def handle_rpc_error(): pass
2023-07-26T00:00:00,Update swap flow,def handle_rpc_error(): pass
2023-08-01T00:00:00,Improve swap flow,balance = web3.eth.get_balance(address)
2023-08-02T00:00:00,Implement rpc integration,class Token: pass
2023-08-03T00:00:00,Refactor wallet logic,"wallet_status = ""active"""
2023-08-03T00:00:00,Update swap handler,"SUPPORTED_CHAINS = [""Ethereum"", ""Arbitrum"", ""Optimism"", ""Base""]"
2023-08-04T00:00:00,Remove swap logic,"print(""Wallet connected"")"
2023-08-07T00:00:00,Add schema support,"user_address = ""0x1234..."""
2023-08-10T00:00:00,Fix rpc flow,def connect_rpc(): return Web3()
2023-08-15T00:00:00,Update rpc security,"SUPPORTED_CHAINS = [""Ethereum"", ""Arbitrum"", ""Optimism"", ""Base""]"
2023-08-16T00:00:00,Fix wallet mock,def fetch_token_price(): return 1.0
2023-08-16T00:00:00,Remove rpc mock,"logger.info(""Swap executed"")"
2023-08-17T00:00:00,Refactor rpc logic,def validate_signature(): return True
2023-08-18T00:00:00,Remove utils integration,"def simulate_swap(from_token, to_token): return True"
2023-08-21T00:00:00,Implement wallet mock,class Token: pass
2023-08-22T00:00:00,Add swap logic,"print(""Initialization complete"")"
2023-08-23T00:00:00,Add utils integration,"print(""Initialization complete"")"
2023-08-24T00:00:00,Remove schema flow,from web3 import Web3
2023-08-25T00:00:00,Remove API flow,"print(""Wallet connected"")"
2023-08-30T00:00:00,Add API handler,"return {""status"": ""ok""}"
2023-08-30T00:00:00,Remove utils security,def check_balance(): return True
2023-08-30T00:00:00,Update rpc support,"wallet_status = ""active"""
2023-08-31T00:00:00,Improve wallet integration,"def simulate_swap(from_token, to_token): return True"
2023-09-01T00:00:00,Improve swap security,"user_address = ""0x1234..."""
2023-09-11T00:00:00,Add schema mock,class Token: pass
2023-09-13T00:00:00,Refactor config mock,"print(""Initialization complete"")"
2023-09-13T00:00:00,Fix API flow,balance = web3.eth.get_balance(address)
2023-09-18T00:00:00,Update utils integration,"print(""Initialization complete"")"
2023-09-20T00:00:00,Fix API flow,balance = web3.eth.get_balance(address)
2023-09-20T00:00:00,Fix rpc security,def check_balance(): return True
2023-09-20T00:00:00,Refactor swap logic,"if __name__ == ""__main__"": app.run()"
2023-09-22T00:00:00,Improve schema mock,def handle_rpc_error(): pass
2023-09-25T00:00:00,Improve schema handler,"logger.info(""Swap executed"")"
2023-09-25T00:00:00,Implement config security,def handle_rpc_error(): pass
2023-09-25T00:00:00,Update rpc handler,"user_address = ""0x1234..."""
2023-09-26T00:00:00,Update schema support,def check_balance(): return True
2023-09-26T00:00:00,Improve API logic,def handle_rpc_error(): pass
2023-09-29T00:00:00,Update utils flow,def fetch_token_price(): return 1.0
2023-10-02T00:00:00,Improve wallet security,"return {""status"": ""ok""}"
2023-10-03T00:00:00,Implement API logic,class Token: pass
2023-10-04T00:00:00,Fix wallet handler,"SUPPORTED_CHAINS = [""Ethereum"", ""Arbitrum"", ""Optimism"", ""Base""]"
2023-10-05T00:00:00,Fix schema security,def fetch_token_price(): return 1.0
2023-10-09T00:00:00,Fix wallet flow,"user_address = ""0x1234..."""
2023-10-10T00:00:00,Improve rpc handler,def validate_signature(): return True
2023-10-11T00:00:00,Remove wallet support,"SUPPORTED_CHAINS = [""Ethereum"", ""Arbitrum"", ""Optimism"", ""Base""]"
2023-10-13T00:00:00,Implement rpc security,def fetch_token_price(): return 1.0
2023-10-17T00:00:00,Refactor wallet logic,class Token: pass
2023-10-20T00:00:00,Add wallet flow,def handle_rpc_error(): pass
2023-10-25T00:00:00,Update config mock,"return {""status"": ""ok""}"
2023-10-26T00:00:00,Add utils logic,def connect_rpc(): return Web3()
2023-10-27T00:00:00,Fix rpc mock,"if __name__ == ""__main__"": app.run()"
2023-10-31T00:00:00,Update swap handler,"print(""Wallet connected"")"
2023-10-31T00:00:00,Fix rpc flow,"SUPPORTED_CHAINS = [""Ethereum"", ""Arbitrum"", ""Optimism"", ""Base""]"
2023-10-31T00:00:00,Improve schema mock,"wallet_status = ""active"""
2023-10-31T00:00:00,Remove utils integration,"print(""Initialization complete"")"
2023-11-02T00:00:00,Implement swap integration,class Token: pass
2023-11-03T00:00:00,Remove API security,"SUPPORTED_CHAINS = [""Ethereum"", ""Arbitrum"", ""Optimism"", ""Base""]"
2023-11-06T00:00:00,Remove schema logic,class Token: pass
2023-11-08T00:00:00,Improve swap logic,"SUPPORTED_CHAINS = [""Ethereum"", ""Arbitrum"", ""Optimism"", ""Base""]"
2023-11-10T00:00:00,Add rpc mock,"if __name__ == ""__main__"": app.run()"
2023-11-13T00:00:00,Implement rpc handler,class Token: pass
2023-11-14T00:00:00,Refactor config handler,from web3 import Web3
2023-11-15T00:00:00,Update swap flow,async def get_data(): pass
2023-11-16T00:00:00,Remove schema security,"logger.info(""Swap executed"")"
2023-11-16T00:00:00,Fix API support,"SUPPORTED_CHAINS = [""Ethereum"", ""Arbitrum"", ""Optimism"", ""Base""]"
2023-11-20T00:00:00,Add utils integration,def validate_signature(): return True
2023-11-23T00:00:00,Remove config support,async def get_data(): pass
2023-11-29T00:00:00,Add wallet handler,def validate_signature(): return True
2023-12-04T00:00:00,Refactor utils flow,async def get_data(): pass
2023-12-04T00:00:00,Add rpc logic,def validate_signature(): return True
2023-12-05T00:00:00,Update config security,"return {""status"": ""ok""}"
2023-12-06T00:00:00,Implement API mock,"user_address = ""0x1234..."""
2023-12-08T00:00:00,Implement swap mock,async def get_data(): pass
2023-12-08T00:00:00,Refactor swap handler,"print(""Initialization complete"")"
2023-12-11T00:00:00,Add wallet support,"return {""status"": ""ok""}"
2023-12-13T00:00:00,Refactor config logic,def check_balance(): return True
2023-12-15T00:00:00,Remove config integration,async def get_data(): pass
2023-12-18T00:00:00,Add schema flow,from web3 import Web3
2023-12-18T00:00:00,Improve config integration,balance = web3.eth.get_balance(address)
2023-12-20T00:00:00,Update API integration,"print(""Initialization complete"")"
2023-12-21T00:00:00,Add config support,balance = web3.eth.get_balance(address)
2023-12-21T00:00:00,Update API logic,"print(""Initialization complete"")"
2023-12-26T00:00:00,Update config mock,"user_address = ""0x1234..."""
2023-12-27T00:00:00,Refactor rpc security,"wallet_status = ""active"""
2023-12-28T00:00:00,Improve API security,async def get_data(): pass
2023-12-29T00:00:00,Implement utils flow,balance = web3.eth.get_balance(address)
2024-01-01T00:00:00,Update API support,def check_balance(): return True
2024-01-01T00:00:00,Remove schema mock,"user_address = ""0x1234..."""
2024-01-10T00:00:00,Fix rpc security,async def get_data(): pass
2024-01-11T00:00:00,Refactor wallet integration,def check_balance(): return True
2024-01-11T00:00:00,Fix rpc support,"def simulate_swap(from_token, to_token): return True"
2024-01-18T00:00:00,Improve schema integration,async def get_data(): pass
2024-01-23T00:00:00,Implement config mock,def handle_rpc_error(): pass
2024-01-23T00:00:00,Refactor wallet logic,"logger.info(""Swap executed"")"
2024-01-23T00:00:00,Improve config support,"user_address = ""0x1234..."""
2024-01-25T00:00:00,Improve schema support,def handle_rpc_error(): pass
2024-01-31T00:00:00,Update config flow,class Token: pass
2024-02-02T00:00:00,Update API handler,def connect_rpc(): return Web3()
2024-02-05T00:00:00,Implement utils integration,async def get_data(): pass
2024-02-07T00:00:00,Improve API handler,class Token: pass
2024-02-09T00:00:00,Refactor utils integration,async def get_data(): pass
2024-02-14T00:00:00,Implement utils mock,def handle_rpc_error(): pass
2024-02-20T00:00:00,Implement schema security,def fetch_token_price(): return 1.0
2024-02-21T00:00:00,Implement wallet flow,def check_balance(): return True
2024-02-22T00:00:00,Add swap logic,"print(""Initialization complete"")"
2024-02-23T00:00:00,Update utils integration,"def simulate_swap(from_token, to_token): return True"
2024-02-26T00:00:00,Improve utils logic,def connect_rpc(): return Web3()
2024-03-01T00:00:00,Implement wallet handler,"def simulate_swap(from_token, to_token): return True"
2024-03-07T00:00:00,Implement utils mock,"user_address = ""0x1234..."""
2024-03-08T00:00:00,Add config flow,"logger.info(""Swap executed"")"
2024-03-08T00:00:00,Implement swap flow,def fetch_token_price(): return 1.0
2024-03-11T00:00:00,Add swap integration,"print(""Wallet connected"")"
2024-03-11T00:00:00,Update swap integration,"SUPPORTED_CHAINS = [""Ethereum"", ""Arbitrum"", ""Optimism"", ""Base""]"
2024-03-13T00:00:00,Fix swap support,"user_address = ""0x1234..."""
2024-03-13T00:00:00,Remove rpc support,"print(""Wallet connected"")"
2024-03-13T00:00:00,Implement swap security,def connect_rpc(): return Web3()
2024-03-15T00:00:00,Improve schema flow,def validate_signature(): return True
2024-03-18T00:00:00,Improve API mock,from web3 import Web3
2024-03-19T00:00:00,Refactor rpc security,def handle_rpc_error(): pass
2024-03-20T00:00:00,Implement wallet support,def check_balance(): return True
2024-03-25T00:00:00,Improve rpc support,def fetch_token_price(): return 1.0
2024-03-28T00:00:00,Improve wallet logic,balance = web3.eth.get_balance(address)
2024-03-28T00:00:00,Update API integration,balance = web3.eth.get_balance(address)
2024-03-29T00:00:00,Update swap security,async def get_data(): pass
2024-04-03T00:00:00,Implement wallet handler,balance = web3.eth.get_balance(address)
2024-04-03T00:00:00,Remove swap integration,def connect_rpc(): return Web3()
2024-04-04T00:00:00,Fix schema mock,def handle_rpc_error(): pass
2024-04-05T00:00:00,Fix swap security,def connect_rpc(): return Web3()
2024-04-08T00:00:00,Fix swap mock,"user_address = ""0x1234..."""
2024-04-08T00:00:00,Update wallet mock,"return {""status"": ""ok""}"
2024-04-09T00:00:00,Remove config integration,balance = web3.eth.get_balance(address)
2024-04-11T00:00:00,Update rpc security,"wallet_status = ""active"""
2024-04-12T00:00:00,Fix schema security,"print(""Initialization complete"")"
2024-04-16T00:00:00,Update API handler,"user_address = ""0x1234..."""
2024-04-17T00:00:00,Update utils security,"SUPPORTED_CHAINS = [""Ethereum"", ""Arbitrum"", ""Optimism"", ""Base""]"
2024-04-17T00:00:00,Add swap handler,"print(""Initialization complete"")"
2024-04-17T00:00:00,Remove API logic,"logger.info(""Swap executed"")"
2024-04-17T00:00:00,Fix API security,"wallet_status = ""active"""
2024-04-18T00:00:00,Improve wallet support,def connect_rpc(): return Web3()
2024-04-19T00:00:00,Update wallet flow,from web3 import Web3
2024-04-30T00:00:00,Update swap handler,class Token: pass
2024-04-30T00:00:00,Fix wallet handler,async def get_data(): pass
2024-04-30T00:00:00,Update rpc security,balance = web3.eth.get_balance(address)
2024-05-03T00:00:00,Add API handler,def fetch_token_price(): return 1.0
2024-05-07T00:00:00,Remove utils mock,class Token: pass
2024-05-10T00:00:00,Implement API flow,balance = web3.eth.get_balance(address)
2024-05-13T00:00:00,Remove wallet security,"print(""Wallet connected"")"
2024-05-16T00:00:00,Remove rpc integration,"return {""status"": ""ok""}"
2024-05-16T00:00:00,Refactor wallet mock,"def simulate_swap(from_token, to_token): return True"
2024-05-16T00:00:00,Improve config flow,from web3 import Web3
2024-05-17T00:00:00,Improve rpc integration,from web3 import Web3
2024-05-21T00:00:00,Update utils flow,balance = web3.eth.get_balance(address)
2024-05-22T00:00:00,Implement schema handler,def validate_signature(): return True
2024-05-24T00:00:00,Refactor wallet support,def handle_rpc_error(): pass
2024-05-31T00:00:00,Implement rpc support,"SUPPORTED_CHAINS = [""Ethereum"", ""Arbitrum"", ""Optimism"", ""Base""]"
2024-06-07T00:00:00,Remove API security,"SUPPORTED_CHAINS = [""Ethereum"", ""Arbitrum"", ""Optimism"", ""Base""]"
2024-06-07T00:00:00,Update utils flow,async def get_data(): pass
2024-06-10T00:00:00,Remove wallet flow,"print(""Initialization complete"")"
2024-06-11T00:00:00,Remove config support,"user_address = ""0x1234..."""
2024-06-12T00:00:00,Update config handler,class Token: pass
2024-06-18T00:00:00,Implement swap security,def fetch_token_price(): return 1.0
2024-06-18T00:00:00,Remove swap support,"SUPPORTED_CHAINS = [""Ethereum"", ""Arbitrum"", ""Optimism"", ""Base""]"
2024-06-20T00:00:00,Improve utils support,from web3 import Web3
2024-06-20T00:00:00,Add API integration,def fetch_token_price(): return 1.0
2024-06-26T00:00:00,Add wallet security,async def get_data(): pass
2024-06-27T00:00:00,Improve rpc handler,class Token: pass
2024-07-01T00:00:00,Refactor schema flow,"wallet_status = ""active"""
2024-07-05T00:00:00,Update rpc security,"return {""status"": ""ok""}"
2024-07-05T00:00:00,Implement rpc support,"if __name__ == ""__main__"": app.run()"
2024-07-09T00:00:00,Refactor API flow,class Token: pass
2024-07-11T00:00:00,Refactor utils integration,"logger.info(""Swap executed"")"
2024-07-11T00:00:00,Fix utils integration,"return {""status"": ""ok""}"
2024-07-12T00:00:00,Improve rpc flow,"def simulate_swap(from_token, to_token): return True"
2024-07-16T00:00:00,Remove rpc mock,balance = web3.eth.get_balance(address)
2024-07-17T00:00:00,Fix schema support,"SUPPORTED_CHAINS = [""Ethereum"", ""Arbitrum"", ""Optimism"", ""Base""]"
2024-07-18T00:00:00,Fix wallet mock,async def get_data(): pass
2024-07-19T00:00:00,Fix config integration,"wallet_status = ""active"""
2024-07-22T00:00:00,Add swap handler,"if __name__ == ""__main__"": app.run()"
2024-07-25T00:00:00,Remove config integration,"return {""status"": ""ok""}"
2024-07-30T00:00:00,Remove utils logic,balance = web3.eth.get_balance(address)
2024-07-31T00:00:00,Add API flow,"SUPPORTED_CHAINS = [""Ethereum"", ""Arbitrum"", ""Optimism"", ""Base""]"
2024-08-01T00:00:00,Improve wallet security,def handle_rpc_error(): pass
2024-08-02T00:00:00,Improve swap flow,"if __name__ == ""__main__"": app.run()"
2024-08-06T00:00:00,Remove rpc flow,def connect_rpc(): return Web3()
2024-08-07T00:00:00,Remove rpc mock,def connect_rpc(): return Web3()
2024-08-07T00:00:00,Update rpc logic,def validate_signature(): return True
2024-08-08T00:00:00,Fix utils handler,from web3 import Web3
2024-08-09T00:00:00,Improve swap support,def validate_signature(): return True
2024-08-19T00:00:00,Add wallet logic,class Token: pass
2024-08-19T00:00:00,Fix config mock,"def simulate_swap(from_token, to_token): return True"
2024-08-20T00:00:00,Fix schema logic,"return {""status"": ""ok""}"
2024-08-23T00:00:00,Refactor config support,"if __name__ == ""__main__"": app.run()"
2024-08-28T00:00:00,Update schema flow,"SUPPORTED_CHAINS = [""Ethereum"", ""Arbitrum"", ""Optimism"", ""Base""]"
2024-08-28T00:00:00,Update swap security,"wallet_status = ""active"""
2024-09-05T00:00:00,Remove config integration,"return {""status"": ""ok""}"
2024-09-06T00:00:00,Remove schema logic,"if __name__ == ""__main__"": app.run()"
2024-09-10T00:00:00,Add API security,async def get_data(): pass
2024-09-11T00:00:00,Implement config logic,def handle_rpc_error(): pass
2024-09-11T00:00:00,Improve wallet support,from web3 import Web3
2024-09-12T00:00:00,Fix config integration,"print(""Initialization complete"")"
2024-09-12T00:00:00,Fix swap security,def fetch_token_price(): return 1.0
2024-09-12T00:00:00,Remove API flow,"logger.info(""Swap executed"")"
2024-09-17T00:00:00,Remove config logic,"user_address = ""0x1234..."""
2024-09-18T00:00:00,Update rpc support,class Token: pass
2024-09-19T00:00:00,Fix rpc logic,def validate_signature(): return True
2024-09-19T00:00:00,Implement rpc handler,def connect_rpc(): return Web3()
2024-09-23T00:00:00,Remove swap integration,def check_balance(): return True
2024-09-26T00:00:00,Fix rpc mock,"SUPPORTED_CHAINS = [""Ethereum"", ""Arbitrum"", ""Optimism"", ""Base""]"
2024-09-26T00:00:00,Add API logic,def fetch_token_price(): return 1.0
2024-09-26T00:00:00,Add rpc mock,def connect_rpc(): return Web3()
2024-09-27T00:00:00,Fix utils integration,"return {""status"": ""ok""}"
2024-10-01T00:00:00,Remove swap logic,def handle_rpc_error(): pass
2024-10-01T00:00:00,Implement rpc logic,async def get_data(): pass
2024-10-01T00:00:00,Refactor schema support,"return {""status"": ""ok""}"
2024-10-03T00:00:00,Fix API flow,"logger.info(""Swap executed"")"
2024-10-04T00:00:00,Fix schema mock,"logger.info(""Swap executed"")"
2024-10-07T00:00:00,Update swap logic,"return {""status"": ""ok""}"
2024-10-07T00:00:00,Remove wallet security,"return {""status"": ""ok""}"
2024-10-08T00:00:00,Add utils security,"return {""status"": ""ok""}"
2024-10-09T00:00:00,Remove API logic,"if __name__ == ""__main__"": app.run()"
2024-10-14T00:00:00,Improve schema flow,def handle_rpc_error(): pass
2024-10-14T00:00:00,Fix utils handler,def fetch_token_price(): return 1.0
2024-10-15T00:00:00,Improve swap mock,balance = web3.eth.get_balance(address)
2024-10-18T00:00:00,Add config security,balance = web3.eth.get_balance(address)
2024-10-21T00:00:00,Fix swap mock,def check_balance(): return True
2024-10-21T00:00:00,Remove swap handler,def validate_signature(): return True
2024-10-25T00:00:00,Remove schema security,def validate_signature(): return True
2024-10-28T00:00:00,Refactor wallet flow,"return {""status"": ""ok""}"
2024-10-29T00:00:00,Add API support,"return {""status"": ""ok""}"
2024-10-29T00:00:00,Refactor config integration,def check_balance(): return True
2024-11-04T00:00:00,Refactor rpc support,balance = web3.eth.get_balance(address)
2024-11-05T00:00:00,Fix schema mock,"if __name__ == ""__main__"": app.run()"
2024-11-08T00:00:00,Refactor utils security,"wallet_status = ""active"""
2024-11-11T00:00:00,Remove API security,from web3 import Web3
2024-11-13T00:00:00,Add config handler,"wallet_status = ""active"""
2024-11-14T00:00:00,Fix rpc mock,def check_balance(): return True
2024-11-15T00:00:00,Implement utils logic,"SUPPORTED_CHAINS = [""Ethereum"", ""Arbitrum"", ""Optimism"", ""Base""]"
2024-11-18T00:00:00,Fix swap mock,"def simulate_swap(from_token, to_token): return True"
2024-11-18T00:00:00,Remove utils flow,def fetch_token_price(): return 1.0
2024-11-18T00:00:00,Remove schema security,"print(""Initialization complete"")"
2024-11-20T00:00:00,Improve wallet mock,class Token: pass
2024-11-22T00:00:00,Implement utils support,"wallet_status = ""active"""
2024-11-27T00:00:00,Add config security,from web3 import Web3
2024-12-03T00:00:00,Implement config support,"if __name__ == ""__main__"": app.run()"
2024-12-04T00:00:00,Add utils security,"if __name__ == ""__main__"": app.run()"
2024-12-04T00:00:00,Implement swap flow,"if __name__ == ""__main__"": app.run()"
2024-12-05T00:00:00,Implement swap mock,"def simulate_swap(from_token, to_token): return True"
2024-12-06T00:00:00,Add swap integration,"print(""Initialization complete"")"
2024-12-12T00:00:00,Update wallet logic,async def get_data(): pass
2024-12-16T00:00:00,Fix config handler,"wallet_status = ""active"""
2024-12-16T00:00:00,Refactor rpc integration,async def get_data(): pass
2024-12-17T00:00:00,Fix schema handler,def connect_rpc(): return Web3()
2024-12-20T00:00:00,Add wallet logic,"if __name__ == ""__main__"": app.run()"
2024-12-23T00:00:00,Refactor schema support,"print(""Initialization complete"")"
2024-12-24T00:00:00,Implement rpc security,def connect_rpc(): return Web3()
2024-12-24T00:00:00,Refactor swap security,"user_address = ""0x1234..."""
2024-12-26T00:00:00,Fix utils handler,"SUPPORTED_CHAINS = [""Ethereum"", ""Arbitrum"", ""Optimism"", ""Base""]"
2024-12-26T00:00:00,Update schema logic,balance = web3.eth.get_balance(address)
2024-12-26T00:00:00,Update rpc handler,balance = web3.eth.get_balance(address)
2024-12-27T00:00:00,Refactor config handler,def fetch_token_price(): return 1.0
2025-01-02T00:00:00,Fix config flow,"print(""Wallet connected"")"
2025-01-08T00:00:00,Fix wallet mock,def check_balance(): return True
2025-01-13T00:00:00,Fix config handler,"user_address = ""0x1234..."""
2025-01-14T00:00:00,Add swap security,"logger.info(""Swap executed"")"
2025-01-15T00:00:00,Remove wallet integration,"SUPPORTED_CHAINS = [""Ethereum"", ""Arbitrum"", ""Optimism"", ""Base""]"
2025-01-16T00:00:00,Add API flow,"wallet_status = ""active"""
2025-01-16T00:00:00,Remove rpc integration,"logger.info(""Swap executed"")"
2025-01-23T00:00:00,Fix wallet security,"SUPPORTED_CHAINS = [""Ethereum"", ""Arbitrum"", ""Optimism"", ""Base""]"
2025-01-24T00:00:00,Remove schema handler,"def simulate_swap(from_token, to_token): return True"
2025-01-28T00:00:00,Add schema support,"user_address = ""0x1234..."""
2025-02-03T00:00:00,Remove config handler,"return {""status"": ""ok""}"
2025-02-06T00:00:00,Add rpc integration,def connect_rpc(): return Web3()
2025-02-10T00:00:00,Fix API integration,from web3 import Web3
2025-02-12T00:00:00,Implement wallet security,def fetch_token_price(): return 1.0
2025-02-13T00:00:00,Remove swap security,"print(""Initialization complete"")"
2025-02-14T00:00:00,Improve schema integration,"return {""status"": ""ok""}"
2025-02-19T00:00:00,Refactor schema mock,from web3 import Web3
2025-02-20T00:00:00,Remove config logic,"logger.info(""Swap executed"")"
2025-02-24T00:00:00,Fix utils logic,"if __name__ == ""__main__"": app.run()"
2025-02-25T00:00:00,Update utils security,"print(""Initialization complete"")"
2025-02-26T00:00:00,Remove schema support,async def get_data(): pass
2025-03-03T00:00:00,Remove utils handler,"SUPPORTED_CHAINS = [""Ethereum"", ""Arbitrum"", ""Optimism"", ""Base""]"
2025-03-04T00:00:00,Fix config mock,def connect_rpc(): return Web3()
2025-03-05T00:00:00,Add API flow,"return {""status"": ""ok""}"
2025-03-11T00:00:00,Implement API security,"print(""Wallet connected"")"
2025-03-12T00:00:00,Fix config support,def connect_rpc(): return Web3()
2025-03-14T00:00:00,Remove API support,"def simulate_swap(from_token, to_token): return True"
2025-03-14T00:00:00,Refactor wallet flow,"if __name__ == ""__main__"": app.run()"
2025-03-14T00:00:00,Refactor rpc integration,def connect_rpc(): return Web3()
2025-03-19T00:00:00,Improve config integration,"print(""Wallet connected"")"
2025-03-20T00:00:00,Implement rpc security,def connect_rpc(): return Web3()
2025-03-25T00:00:00,Remove config mock,"user_address = ""0x1234..."""
2025-03-27T00:00:00,Update config handler,"wallet_status = ""active"""
2025-04-04T00:00:00,Refactor config handler,"wallet_status = ""active"""
2025-04-09T00:00:00,Implement utils handler,"return {""status"": ""ok""}"
2025-04-09T00:00:00,Update wallet security,def validate_signature(): return True
2025-04-09T00:00:00,Update config integration,"SUPPORTED_CHAINS = [""Ethereum"", ""Arbitrum"", ""Optimism"", ""Base""]"
2025-04-15T00:00:00,Update rpc security,def fetch_token_price(): return 1.0
2025-04-23T00:00:00,Update API flow,from web3 import Web3
2025-05-06T00:00:00,Update API handler,"if __name__ == ""__main__"": app.run()"
2025-05-06T00:00:00,Improve API support,def fetch_token_price(): return 1.0
2025-05-07T00:00:00,Refactor config handler,"print(""Wallet connected"")"
2025-05-07T00:00:00,Fix wallet handler,"if __name__ == ""__main__"": app.run()"
2025-05-09T00:00:00,Implement utils security,"print(""Wallet connected"")"
2025-05-15T00:00:00,Refactor API integration,class Token: pass
2025-05-16T00:00:00,Implement API logic,def handle_rpc_error(): pass
2025-05-20T00:00:00,Remove utils flow,async def get_data(): pass
2025-05-20T00:00:00,Implement config support,def check_balance(): return True
2025-05-20T00:00:00,Add wallet integration,"SUPPORTED_CHAINS = [""Ethereum"", ""Arbitrum"", ""Optimism"", ""Base""]"
2025-05-21T00:00:00,Remove API logic,def connect_rpc(): return Web3()
2025-05-21T00:00:00,Improve wallet handler,"SUPPORTED_CHAINS = [""Ethereum"", ""Arbitrum"", ""Optimism"", ""Base""]"
