date,message
2022-03-02T00:00:00,Fix wallet mock
2022-03-07T00:00:00,Improve API schema test
2022-03-10T00:00:00,Add L2 support structure
2022-03-11T00:00:00,Remove RPC config security
2022-03-11T00:00:00,Add handler docs
2022-03-14T00:00:00,Refactor handler logic
2022-03-14T00:00:00,Integrate L2 support structure
2022-03-15T00:00:00,Remove token swap docs
2022-03-21T00:00:00,Update handler docs
2022-03-25T00:00:00,Refactor L2 support mock
2022-03-28T00:00:00,Add L2 support security
2022-03-28T00:00:00,Refactor token swap test
2022-03-31T00:00:00,Update L2 support mock
2022-03-31T00:00:00,Integrate handler logic
2022-03-31T00:00:00,Integrate handler mock
2022-04-01T00:00:00,Add wallet flow
2022-04-01T00:00:00,Integrate token swap docs
2022-04-01T00:00:00,Update wallet security
2022-04-05T00:00:00,Improve UI placeholder flow
2022-04-06T00:00:00,Improve UI placeholder logic
2022-04-07T00:00:00,Update L2 support docs
2022-04-13T00:00:00,Refactor UI placeholder structure
2022-04-13T00:00:00,Integrate wallet flow
2022-04-14T00:00:00,Update UI placeholder test
2022-04-14T00:00:00,Add RPC config logic
2022-04-19T00:00:00,Improve L2 support test
2022-04-29T00:00:00,Add token swap security
2022-04-29T00:00:00,Refactor UI placeholder docs
2022-04-29T00:00:00,Add token swap docs
2022-05-03T00:00:00,Remove UI placeholder test
2022-05-03T00:00:00,Integrate token swap security
2022-05-10T00:00:00,Refactor token swap docs
2022-05-17T00:00:00,Integrate L2 support structure
2022-05-19T00:00:00,Fix token swap security
2022-05-19T00:00:00,Update handler docs
2022-05-20T00:00:00,Remove UI placeholder security
2022-05-27T00:00:00,Fix RPC config logic
2022-05-27T00:00:00,Update RPC config structure
2022-05-27T00:00:00,Fix token swap docs
2022-05-30T00:00:00,Fix RPC config logic
2022-05-30T00:00:00,Remove RPC config test
2022-05-30T00:00:00,Integrate token swap test
2022-05-31T00:00:00,Refactor UI placeholder mock
2022-06-02T00:00:00,Add handler flow
2022-06-06T00:00:00,Remove API schema docs
2022-06-08T00:00:00,Integrate API schema mock
2022-06-09T00:00:00,Add handler flow
2022-06-09T00:00:00,Update UI placeholder structure
2022-06-20T00:00:00,Remove API schema test
2022-06-21T00:00:00,Update API schema test
2022-06-22T00:00:00,Fix wallet mock
2022-06-23T00:00:00,Fix handler flow
2022-06-24T00:00:00,Remove RPC config docs
2022-06-27T00:00:00,Remove token swap mock
2022-07-01T00:00:00,Integrate wallet security
2022-07-04T00:00:00,Integrate handler logic
2022-07-04T00:00:00,Update UI placeholder docs
2022-07-06T00:00:00,Fix token swap flow
2022-07-07T00:00:00,Refactor handler mock
2022-07-07T00:00:00,Fix handler docs
2022-07-12T00:00:00,Update UI placeholder mock
2022-07-14T00:00:00,Fix UI placeholder mock
2022-07-14T00:00:00,Integrate RPC config flow
2022-07-15T00:00:00,Improve RPC config test
2022-07-18T00:00:00,Add L2 support structure
2022-07-18T00:00:00,Integrate token swap mock
2022-07-28T00:00:00,Fix handler flow
2022-08-02T00:00:00,Fix L2 support test
2022-08-03T00:00:00,Improve handler security
2022-08-04T00:00:00,Update API schema logic
2022-08-05T00:00:00,Add RPC config security
2022-08-08T00:00:00,Refactor UI placeholder test
2022-08-09T00:00:00,Improve L2 support structure
2022-08-10T00:00:00,Improve wallet structure
2022-08-10T00:00:00,Improve token swap logic
2022-08-11T00:00:00,Add wallet flow
2022-08-11T00:00:00,Update UI placeholder mock
2022-08-12T00:00:00,Update RPC config logic
2022-08-12T00:00:00,Fix UI placeholder mock
2022-08-15T00:00:00,Integrate handler logic
2022-08-15T00:00:00,Remove API schema logic
2022-08-15T00:00:00,Fix handler structure
2022-08-16T00:00:00,Fix wallet flow
2022-08-17T00:00:00,Add wallet security
2022-08-17T00:00:00,Improve L2 support mock
2022-08-17T00:00:00,Add token swap structure
2022-08-18T00:00:00,Integrate UI placeholder logic
2022-08-18T00:00:00,Integrate UI placeholder security
2022-08-18T00:00:00,Fix handler security
2022-08-18T00:00:00,Improve L2 support structure
2022-08-19T00:00:00,Refactor token swap security
2022-08-24T00:00:00,Add RPC config logic
2022-08-25T00:00:00,Add wallet structure
2022-08-30T00:00:00,Integrate handler security
2022-08-31T00:00:00,Refactor L2 support structure
2022-09-01T00:00:00,Refactor wallet docs
2022-09-01T00:00:00,Update RPC config structure
2022-09-06T00:00:00,Add handler test
2022-09-06T00:00:00,Refactor wallet flow
2022-09-07T00:00:00,Integrate wallet logic
2022-09-14T00:00:00,Fix wallet structure
2022-09-15T00:00:00,Refactor UI placeholder logic
2022-09-19T00:00:00,Remove token swap security
2022-09-22T00:00:00,Fix wallet logic
2022-09-30T00:00:00,Add API schema logic
2022-09-30T00:00:00,Fix wallet security
2022-10-03T00:00:00,Fix RPC config flow
2022-10-06T00:00:00,Improve L2 support structure
2022-10-07T00:00:00,Improve handler structure
2022-10-10T00:00:00,Fix wallet logic
2022-10-10T00:00:00,Fix handler security
2022-10-14T00:00:00,Update API schema test
2022-10-17T00:00:00,Add L2 support flow
2022-10-18T00:00:00,Remove token swap security
2022-10-21T00:00:00,Integrate token swap logic
2022-10-24T00:00:00,Update API schema logic
2022-10-25T00:00:00,Fix API schema structure
2022-10-26T00:00:00,Remove API schema security
2022-10-27T00:00:00,Remove handler structure
2022-10-28T00:00:00,Integrate token swap security
2022-11-01T00:00:00,Refactor token swap structure
2022-11-01T00:00:00,Remove L2 support logic
2022-11-07T00:00:00,Integrate handler docs
2022-11-10T00:00:00,Fix handler structure
2022-11-10T00:00:00,Improve token swap logic
2022-11-15T00:00:00,Integrate wallet mock
2022-11-15T00:00:00,Remove RPC config mock
2022-11-17T00:00:00,Remove API schema structure
2022-11-17T00:00:00,Add handler structure
2022-11-22T00:00:00,Refactor token swap flow
2022-11-23T00:00:00,Remove API schema logic
2022-11-23T00:00:00,Refactor token swap structure
2022-11-28T00:00:00,Update handler mock
2022-11-28T00:00:00,Improve API schema docs
2022-11-28T00:00:00,Integrate wallet mock
2022-12-02T00:00:00,Improve handler security
2022-12-06T00:00:00,Integrate UI placeholder test
2022-12-06T00:00:00,Fix API schema logic
2022-12-07T00:00:00,Update API schema docs
2022-12-07T00:00:00,Add wallet structure
2022-12-13T00:00:00,Refactor API schema security
2022-12-14T00:00:00,Add API schema logic
2022-12-14T00:00:00,Fix wallet structure
2022-12-26T00:00:00,Refactor API schema flow
2022-12-26T00:00:00,Add API schema test
2022-12-28T00:00:00,Refactor handler security
2022-12-29T00:00:00,Remove handler flow
2022-12-29T00:00:00,Integrate UI placeholder logic
2022-12-30T00:00:00,Update L2 support structure
2023-01-03T00:00:00,Integrate RPC config docs
2023-01-04T00:00:00,Add RPC config structure
2023-01-06T00:00:00,Add L2 support security
2023-01-10T00:00:00,Add handler security
2023-01-11T00:00:00,Refactor handler docs
2023-01-11T00:00:00,Fix token swap logic
2023-01-13T00:00:00,Refactor wallet docs
2023-01-16T00:00:00,Integrate API schema structure
2023-01-16T00:00:00,Add API schema security
2023-01-23T00:00:00,Add wallet docs
2023-01-23T00:00:00,Update RPC config mock
2023-01-24T00:00:00,Integrate handler test
2023-01-25T00:00:00,Refactor UI placeholder docs
2023-01-25T00:00:00,Integrate wallet security
2023-01-25T00:00:00,Remove RPC config flow
2023-01-30T00:00:00,Update API schema docs
2023-01-30T00:00:00,Improve L2 support flow
2023-02-02T00:00:00,Integrate token swap flow
2023-02-03T00:00:00,Improve UI placeholder flow
2023-02-07T00:00:00,Improve wallet flow
2023-02-09T00:00:00,Fix API schema flow
2023-02-10T00:00:00,Add token swap docs
2023-02-10T00:00:00,Integrate API schema flow
2023-02-15T00:00:00,Improve wallet mock
2023-02-15T00:00:00,Add API schema structure
2023-02-17T00:00:00,Remove RPC config docs
2023-02-17T00:00:00,Add UI placeholder docs
2023-02-21T00:00:00,Remove handler logic
2023-02-21T00:00:00,Improve handler test
2023-02-21T00:00:00,Add API schema flow
2023-02-22T00:00:00,Update UI placeholder flow
2023-02-27T00:00:00,Refactor handler logic
2023-02-27T00:00:00,Improve wallet docs
2023-02-28T00:00:00,Remove L2 support mock
2023-03-01T00:00:00,Integrate wallet security
2023-03-02T00:00:00,Improve L2 support logic
2023-03-02T00:00:00,Refactor token swap flow
2023-03-08T00:00:00,Fix handler security
2023-03-08T00:00:00,Update handler logic
2023-03-09T00:00:00,Improve handler logic
2023-03-10T00:00:00,Fix token swap test
2023-03-10T00:00:00,Refactor UI placeholder structure
2023-03-16T00:00:00,Add L2 support security
2023-04-04T00:00:00,Refactor API schema structure
2023-04-10T00:00:00,Remove token swap security
2023-04-11T00:00:00,Integrate L2 support structure
2023-04-12T00:00:00,Improve wallet logic
2023-04-12T00:00:00,Add token swap security
2023-04-12T00:00:00,Integrate RPC config security
2023-04-13T00:00:00,Refactor token swap flow
2023-04-14T00:00:00,Fix UI placeholder structure
2023-04-17T00:00:00,Refactor handler flow
2023-04-17T00:00:00,Add handler mock
2023-04-19T00:00:00,Refactor L2 support docs
2023-04-24T00:00:00,Fix wallet test
2023-04-25T00:00:00,Fix RPC config test
2023-04-26T00:00:00,Refactor token swap security
2023-04-27T00:00:00,Integrate wallet security
2023-05-01T00:00:00,Remove API schema structure
2023-05-01T00:00:00,Update UI placeholder security
2023-05-02T00:00:00,Refactor token swap test
2023-05-05T00:00:00,Fix handler flow
2023-05-09T00:00:00,Add L2 support mock
2023-05-10T00:00:00,Fix token swap flow
2023-05-11T00:00:00,Refactor handler flow
2023-05-12T00:00:00,Fix wallet flow
2023-05-16T00:00:00,Add token swap docs
2023-05-16T00:00:00,Remove handler security
2023-05-17T00:00:00,Refactor API schema flow
2023-05-19T00:00:00,Remove UI placeholder structure
2023-05-24T00:00:00,Integrate token swap flow
2023-05-24T00:00:00,Refactor wallet test
2023-05-24T00:00:00,Integrate UI placeholder logic
2023-05-25T00:00:00,Remove token swap logic
2023-05-25T00:00:00,Remove RPC config flow
2023-05-25T00:00:00,Fix token swap security
2023-05-29T00:00:00,Remove API schema logic
2023-05-30T00:00:00,Improve token swap docs
2023-06-07T00:00:00,Update L2 support docs
2023-06-07T00:00:00,Add token swap flow
2023-06-08T00:00:00,Improve handler structure
2023-06-14T00:00:00,Add handler structure
2023-06-15T00:00:00,Remove UI placeholder docs
2023-06-15T00:00:00,Integrate token swap structure
2023-06-15T00:00:00,Fix wallet mock
2023-06-19T00:00:00,Refactor UI placeholder docs
2023-06-20T00:00:00,Integrate token swap test
2023-06-20T00:00:00,Refactor token swap flow
2023-06-21T00:00:00,Update wallet flow
2023-06-22T00:00:00,Add RPC config flow
2023-06-22T00:00:00,Integrate L2 support docs
2023-06-26T00:00:00,Improve L2 support docs
2023-06-26T00:00:00,Add wallet flow
2023-06-27T00:00:00,Update handler test
2023-06-29T00:00:00,Add RPC config security
2023-06-29T00:00:00,Remove wallet logic
2023-06-30T00:00:00,Add UI placeholder mock
2023-07-05T00:00:00,Improve handler structure
2023-07-06T00:00:00,Integrate UI placeholder flow
2023-07-07T00:00:00,Remove UI placeholder mock
2023-07-11T00:00:00,Refactor handler flow
2023-07-13T00:00:00,Integrate token swap structure
2023-07-13T00:00:00,Update L2 support flow
2023-07-14T00:00:00,Integrate wallet mock
2023-07-17T00:00:00,Integrate L2 support docs
2023-07-18T00:00:00,Refactor handler security
2023-07-20T00:00:00,Remove RPC config docs
2023-07-21T00:00:00,Refactor L2 support logic
2023-07-21T00:00:00,Integrate token swap logic
2023-07-25T00:00:00,Add L2 support test
2023-07-26T00:00:00,Fix L2 support test
2023-07-27T00:00:00,Improve API schema logic
2023-07-28T00:00:00,Refactor wallet structure
2023-08-02T00:00:00,Integrate UI placeholder logic
2023-08-03T00:00:00,Update API schema structure
2023-08-04T00:00:00,Improve token swap docs
2023-08-04T00:00:00,Refactor L2 support logic
2023-08-07T00:00:00,Update handler mock
2023-08-09T00:00:00,Remove UI placeholder docs
2023-08-15T00:00:00,Improve API schema logic
2023-08-16T00:00:00,Fix token swap flow
2023-08-22T00:00:00,Remove handler test
2023-08-24T00:00:00,Improve wallet flow
2023-08-28T00:00:00,Fix wallet docs
2023-08-30T00:00:00,Refactor wallet structure
2023-08-31T00:00:00,Refactor UI placeholder logic
2023-09-05T00:00:00,Update RPC config logic
2023-09-08T00:00:00,Add UI placeholder test
2023-09-11T00:00:00,Integrate token swap flow
2023-09-15T00:00:00,Fix handler docs
2023-09-18T00:00:00,Improve L2 support test
2023-09-18T00:00:00,Update handler docs
2023-09-19T00:00:00,Integrate API schema mock
2023-09-25T00:00:00,Add handler logic
2023-09-26T00:00:00,Fix L2 support flow
2023-09-27T00:00:00,Add UI placeholder test
2023-09-28T00:00:00,Add token swap structure
2023-09-28T00:00:00,Add API schema mock
2023-10-04T00:00:00,Integrate handler logic
2023-10-09T00:00:00,Integrate API schema test
2023-10-10T00:00:00,Improve handler structure
2023-10-11T00:00:00,Improve UI placeholder docs
2023-10-11T00:00:00,Fix handler structure
2023-10-25T00:00:00,Integrate L2 support logic
2023-10-25T00:00:00,Update token swap logic
2023-10-27T00:00:00,Refactor API schema docs
2023-11-01T00:00:00,Refactor handler structure
2023-11-03T00:00:00,Update API schema flow
2023-11-06T00:00:00,Add UI placeholder security
2023-11-06T00:00:00,Integrate API schema mock
2023-11-06T00:00:00,Fix wallet flow
2023-11-08T00:00:00,Remove UI placeholder mock
2023-11-10T00:00:00,Integrate L2 support security
2023-11-13T00:00:00,Fix UI placeholder docs
2023-11-13T00:00:00,Add L2 support security
2023-11-14T00:00:00,Refactor API schema structure
2023-11-16T00:00:00,Add UI placeholder flow
2023-11-17T00:00:00,Update token swap flow
2023-11-24T00:00:00,Refactor token swap docs
2023-11-28T00:00:00,Update token swap flow
2023-12-01T00:00:00,Remove API schema test
2023-12-05T00:00:00,Update API schema structure
2023-12-15T00:00:00,Refactor wallet test
2023-12-19T00:00:00,Improve handler structure
2023-12-21T00:00:00,Add token swap logic
2023-12-21T00:00:00,Improve UI placeholder test
2023-12-22T00:00:00,Refactor handler security
2023-12-26T00:00:00,Improve UI placeholder logic
2023-12-26T00:00:00,Add UI placeholder structure
2023-12-27T00:00:00,Update token swap mock
2023-12-28T00:00:00,Fix RPC config logic
2023-12-28T00:00:00,Improve handler mock
2024-01-02T00:00:00,Add RPC config structure
2024-01-04T00:00:00,Refactor wallet logic
2024-01-05T00:00:00,Integrate wallet docs
2024-01-10T00:00:00,Update API schema structure
2024-01-12T00:00:00,Fix handler docs
2024-01-12T00:00:00,Improve L2 support security
2024-01-18T00:00:00,Add handler test
2024-01-19T00:00:00,Integrate wallet docs
2024-01-22T00:00:00,Remove handler docs
2024-01-22T00:00:00,Remove handler docs
2024-01-24T00:00:00,Remove token swap docs
2024-01-25T00:00:00,Refactor UI placeholder test
2024-01-26T00:00:00,Refactor UI placeholder structure
2024-02-05T00:00:00,Add L2 support mock
2024-02-05T00:00:00,Fix UI placeholder logic
2024-02-05T00:00:00,Improve API schema flow
2024-02-07T00:00:00,Integrate API schema structure
2024-02-09T00:00:00,Add UI placeholder mock
2024-02-14T00:00:00,Add L2 support logic
2024-02-19T00:00:00,Update RPC config security
2024-02-21T00:00:00,Fix L2 support docs
2024-02-23T00:00:00,Remove UI placeholder security
2024-02-26T00:00:00,Improve handler security
2024-02-26T00:00:00,Update L2 support structure
2024-02-27T00:00:00,Improve wallet logic
2024-03-04T00:00:00,Refactor API schema structure
2024-03-11T00:00:00,Add wallet mock
2024-03-12T00:00:00,Refactor UI placeholder logic
2024-03-12T00:00:00,Improve wallet mock
2024-03-14T00:00:00,Improve RPC config test
2024-03-14T00:00:00,Remove wallet structure
2024-03-15T00:00:00,Improve L2 support logic
2024-03-20T00:00:00,Remove API schema test
2024-03-22T00:00:00,Improve L2 support security
2024-03-25T00:00:00,Add wallet security
2024-03-26T00:00:00,Fix token swap docs
2024-03-27T00:00:00,Add wallet flow
2024-03-28T00:00:00,Improve handler flow
2024-04-01T00:00:00,Refactor RPC config logic
2024-04-01T00:00:00,Integrate L2 support flow
2024-04-03T00:00:00,Add API schema security
2024-04-03T00:00:00,Integrate L2 support logic
2024-04-04T00:00:00,Update wallet test
2024-04-05T00:00:00,Improve L2 support flow
2024-04-15T00:00:00,Add RPC config mock
2024-04-15T00:00:00,Fix wallet logic
2024-04-16T00:00:00,Update API schema security
2024-04-17T00:00:00,Improve L2 support docs
2024-04-18T00:00:00,Fix L2 support test
2024-04-19T00:00:00,Integrate RPC config flow
2024-04-22T00:00:00,Improve token swap logic
2024-04-22T00:00:00,Add handler docs
2024-04-22T00:00:00,Refactor API schema flow
2024-04-24T00:00:00,Remove handler security
2024-04-24T00:00:00,Update L2 support security
2024-04-24T00:00:00,Integrate handler mock
2024-04-25T00:00:00,Integrate UI placeholder docs
2024-04-29T00:00:00,Refactor token swap flow
2024-04-29T00:00:00,Update API schema docs
2024-05-01T00:00:00,Refactor API schema mock
2024-05-10T00:00:00,Add handler security
2024-05-10T00:00:00,Add API schema docs
2024-05-13T00:00:00,Improve handler security
2024-05-15T00:00:00,Update UI placeholder test
2024-05-15T00:00:00,Refactor L2 support flow
2024-05-20T00:00:00,Improve API schema structure
2024-05-24T00:00:00,Refactor API schema logic
2024-06-05T00:00:00,Remove handler mock
2024-06-05T00:00:00,Update handler structure
2024-06-07T00:00:00,Remove RPC config mock
2024-06-11T00:00:00,Add API schema security
2024-06-11T00:00:00,Fix API schema structure
2024-06-12T00:00:00,Update L2 support docs
2024-06-13T00:00:00,Fix API schema flow
2024-06-20T00:00:00,Remove wallet structure
2024-06-21T00:00:00,Update API schema flow
2024-06-21T00:00:00,Fix RPC config docs
2024-06-27T00:00:00,Fix RPC config docs
2024-07-01T00:00:00,Improve wallet security
2024-07-04T00:00:00,Refactor wallet logic
2024-07-04T00:00:00,Improve wallet test
2024-07-05T00:00:00,Refactor UI placeholder structure
2024-07-09T00:00:00,Remove L2 support test
2024-07-09T00:00:00,Fix UI placeholder structure
2024-07-10T00:00:00,Improve wallet structure
2024-07-15T00:00:00,Improve L2 support structure
2024-07-16T00:00:00,Integrate token swap flow
2024-07-24T00:00:00,Integrate UI placeholder security
2024-07-25T00:00:00,Refactor wallet security
2024-07-26T00:00:00,Update handler mock
2024-07-26T00:00:00,Add token swap docs
2024-07-29T00:00:00,Refactor RPC config mock
2024-07-30T00:00:00,Remove RPC config flow
2024-08-01T00:00:00,Remove token swap structure
2024-08-01T00:00:00,Add RPC config flow
2024-08-01T00:00:00,Add handler structure
2024-08-07T00:00:00,Fix UI placeholder logic
2024-08-08T00:00:00,Fix wallet security
2024-08-09T00:00:00,Fix L2 support security
2024-08-13T00:00:00,Improve L2 support docs
2024-08-14T00:00:00,Refactor wallet docs
2024-08-20T00:00:00,Add RPC config mock
2024-08-20T00:00:00,Refactor wallet logic
2024-08-22T00:00:00,Update handler test
2024-08-22T00:00:00,Update wallet mock
2024-08-26T00:00:00,Refactor handler structure
2024-08-27T00:00:00,Add RPC config flow
2024-08-27T00:00:00,Improve handler logic
2024-08-29T00:00:00,Remove API schema flow
2024-08-29T00:00:00,Improve token swap mock
2024-08-30T00:00:00,Integrate API schema docs
2024-09-04T00:00:00,Integrate token swap structure
2024-09-06T00:00:00,Add API schema structure
2024-09-06T00:00:00,Refactor API schema mock
2024-09-09T00:00:00,Update UI placeholder mock
2024-09-10T00:00:00,Integrate L2 support mock
2024-09-11T00:00:00,Update RPC config flow
2024-09-13T00:00:00,Update RPC config flow
2024-09-17T00:00:00,Update UI placeholder structure
2024-09-19T00:00:00,Integrate API schema structure
2024-09-24T00:00:00,Improve token swap structure
2024-10-02T00:00:00,Improve wallet mock
2024-10-03T00:00:00,Update API schema security
2024-10-04T00:00:00,Update wallet mock
2024-10-07T00:00:00,Improve wallet flow
2024-10-07T00:00:00,Refactor UI placeholder test
2024-10-08T00:00:00,Update L2 support mock
2024-10-08T00:00:00,Update UI placeholder test
2024-10-10T00:00:00,Refactor L2 support logic
2024-10-15T00:00:00,Refactor RPC config docs
2024-10-15T00:00:00,Fix UI placeholder flow
2024-10-16T00:00:00,Refactor wallet docs
2024-10-17T00:00:00,Remove handler mock
2024-10-17T00:00:00,Refactor UI placeholder security
2024-10-17T00:00:00,Integrate wallet flow
2024-10-18T00:00:00,Update L2 support test
2024-10-18T00:00:00,Fix RPC config flow
2024-10-21T00:00:00,Fix RPC config mock
2024-10-21T00:00:00,Update RPC config mock
2024-10-21T00:00:00,Add L2 support security
2024-10-23T00:00:00,Fix RPC config structure
2024-10-24T00:00:00,Remove RPC config logic
2024-10-25T00:00:00,Fix RPC config mock
2024-10-29T00:00:00,Fix wallet test
2024-10-31T00:00:00,Update handler docs
2024-10-31T00:00:00,Update handler docs
2024-11-01T00:00:00,Refactor wallet flow
2024-11-04T00:00:00,Refactor token swap mock
2024-11-05T00:00:00,Fix RPC config mock
2024-11-06T00:00:00,Integrate wallet mock
2024-11-12T00:00:00,Add handler docs
2024-11-14T00:00:00,Improve handler logic
2024-11-14T00:00:00,Refactor UI placeholder test
2024-11-18T00:00:00,Refactor UI placeholder mock
2024-11-19T00:00:00,Improve L2 support flow
2024-11-19T00:00:00,Remove L2 support test
2024-11-20T00:00:00,Integrate RPC config docs
2024-11-25T00:00:00,Integrate UI placeholder test
2024-11-26T00:00:00,Integrate RPC config security
2024-11-28T00:00:00,Update API schema structure
2024-11-29T00:00:00,Improve handler test
2024-12-02T00:00:00,Improve handler logic
2024-12-03T00:00:00,Improve UI placeholder security
2024-12-06T00:00:00,Fix token swap mock
2024-12-09T00:00:00,Remove wallet structure
2024-12-10T00:00:00,Remove handler structure
2024-12-10T00:00:00,Remove UI placeholder structure
2024-12-10T00:00:00,Integrate wallet logic
2024-12-12T00:00:00,Update L2 support structure
2024-12-12T00:00:00,Fix token swap flow
2024-12-13T00:00:00,Add wallet flow
2024-12-13T00:00:00,Refactor wallet security
2024-12-16T00:00:00,Add wallet docs
2024-12-18T00:00:00,Update API schema flow
2024-12-20T00:00:00,Improve wallet flow
2025-01-02T00:00:00,Integrate RPC config logic
2025-01-03T00:00:00,Integrate L2 support logic
2025-01-03T00:00:00,Integrate wallet security
2025-01-06T00:00:00,Remove L2 support flow
2025-01-07T00:00:00,Update wallet mock
2025-01-08T00:00:00,Refactor handler docs
2025-01-08T00:00:00,Refactor UI placeholder docs
2025-01-09T00:00:00,Improve wallet logic
2025-01-09T00:00:00,Fix API schema docs
2025-01-10T00:00:00,Remove RPC config test
2025-01-13T00:00:00,Integrate UI placeholder mock
2025-01-14T00:00:00,Update API schema structure
2025-01-14T00:00:00,Integrate L2 support structure
2025-01-14T00:00:00,Integrate RPC config logic
2025-01-15T00:00:00,Remove wallet docs
2025-01-16T00:00:00,Improve wallet logic
2025-01-17T00:00:00,Add token swap docs
2025-01-20T00:00:00,Update wallet security
2025-01-20T00:00:00,Fix wallet test
2025-01-21T00:00:00,Add UI placeholder security
2025-01-22T00:00:00,Add handler structure
2025-01-27T00:00:00,Fix token swap mock
2025-01-27T00:00:00,Integrate wallet security
2025-01-27T00:00:00,Add wallet flow
2025-01-28T00:00:00,Update UI placeholder test
2025-01-29T00:00:00,Fix API schema structure
2025-01-30T00:00:00,Update RPC config docs
2025-02-05T00:00:00,Fix API schema flow
2025-02-05T00:00:00,Integrate UI placeholder structure
2025-02-07T00:00:00,Refactor L2 support logic
2025-02-10T00:00:00,Update RPC config docs
2025-02-13T00:00:00,Update API schema structure
2025-02-19T00:00:00,Fix wallet test
2025-02-19T00:00:00,Fix handler security
2025-02-19T00:00:00,Refactor wallet docs
2025-02-24T00:00:00,Integrate wallet docs
2025-02-24T00:00:00,Update wallet flow
2025-03-03T00:00:00,Integrate L2 support structure
2025-03-04T00:00:00,Update RPC config mock
2025-03-06T00:00:00,Update L2 support mock
2025-03-11T00:00:00,Remove L2 support structure
2025-03-11T00:00:00,Add RPC config mock
2025-03-11T00:00:00,Add handler structure
2025-03-11T00:00:00,Add token swap test
2025-03-12T00:00:00,Remove handler logic
2025-03-12T00:00:00,Refactor UI placeholder logic
2025-03-14T00:00:00,Remove handler docs
2025-03-14T00:00:00,Refactor UI placeholder mock
2025-03-14T00:00:00,Update UI placeholder docs
2025-03-17T00:00:00,Integrate RPC config test
2025-03-17T00:00:00,Add L2 support logic
2025-03-19T00:00:00,Refactor token swap test
2025-03-19T00:00:00,Refactor RPC config structure
2025-03-27T00:00:00,Add API schema docs
2025-03-27T00:00:00,Add RPC config test
2025-03-27T00:00:00,Fix L2 support logic
2025-04-02T00:00:00,Update L2 support docs
2025-04-07T00:00:00,Remove API schema docs
2025-04-09T00:00:00,Remove UI placeholder flow
2025-04-10T00:00:00,Fix UI placeholder docs
2025-04-14T00:00:00,Fix wallet structure
2025-04-17T00:00:00,Remove handler logic
2025-04-17T00:00:00,Add RPC config flow
2025-04-18T00:00:00,Fix API schema test
2025-04-21T00:00:00,Refactor handler logic
2025-04-25T00:00:00,Integrate wallet security
2025-04-28T00:00:00,Refactor UI placeholder test
2025-04-28T00:00:00,Improve UI placeholder test
2025-04-29T00:00:00,Fix RPC config security
2025-04-29T00:00:00,Add API schema structure
2025-05-01T00:00:00,Refactor UI placeholder test
2025-05-05T00:00:00,Add token swap test
2025-05-05T00:00:00,Add L2 support test
2025-05-09T00:00:00,Update RPC config docs
2025-05-12T00:00:00,Fix wallet mock
2025-05-13T00:00:00,Add handler test
2025-05-16T00:00:00,Update handler flow
2025-05-19T00:00:00,Remove UI placeholder security
2025-05-22T00:00:00,Remove UI placeholder mock
2025-05-22T00:00:00,Fix RPC config flow
